#Users
INSERT INTO `mydb`.`Users` (`idUser`,`age`,`currentWeight`) VALUES ('101','25','150');
INSERT INTO `mydb`.`Users` (`idUser`,`age`,`currentWeight`) VALUES ('202','35','250');

#food
LOCK TABLES `FoodNutrition` WRITE;
INSERT INTO `FoodNutrition` VALUES ('1','Banana','111111','120',NULL,NULL,NULL,NULL,NULL,NULL,NULL,NULL,NULL,NULL,NULL,NULL,NULL,NULL,NULL,NULL,NULL,NULL,NULL,NULL,NULL,NULL,NULL,NULL),('2','Apple','222222','60',NULL,NULL,NULL,NULL,NULL,NULL,NULL,NULL,NULL,NULL,NULL,NULL,NULL,NULL,NULL,NULL,NULL,NULL,NULL,NULL,NULL,NULL,NULL,NULL),('3','Orange','333333','200',NULL,NULL,NULL,NULL,NULL,NULL,NULL,NULL,NULL,NULL,NULL,NULL,NULL,NULL,NULL,NULL,NULL,NULL,NULL,NULL,NULL,NULL,NULL,NULL),('463d6237f748d7cf0703cc5c','Chicken, roasting, meat and skin and giblets and neck, cooked, roasted - 3 oz',NULL,'187','3','85','oz','99.99','11.11',NULL,NULL,NULL,'3.11',NULL,'79.9',NULL,'60.35',NULL,'0.04',NULL,'0',NULL,NULL,'20.37','10.15','0.57','1.11','7.6'),('513fc9cd673c4fbc2600709f','Pork',NULL,'150','4',NULL,'oz','60','6',NULL,'0',NULL,'3',NULL,'45',NULL,'550',NULL,'0',NULL,'0',NULL,'0','24',NULL,NULL,NULL,NULL),('513fceb375b8dbbc21000001','Butter, salted - 1 stick',NULL,'810.21','1','113','stick','824.85','91.65',NULL,'3.7',NULL,'58.05',NULL,'242.95',NULL,'726.59',NULL,'0.07',NULL,'0',NULL,'0.07','0.96','56.48','0','2.71','0.13'),('513fceb375b8dbbc21000003','Butter, salted - 1 tbsp',NULL,'101.81','1','14.2','tbsp','103.68','11.52',NULL,'0.47',NULL,'7.29',NULL,'30.53',NULL,'91.31',NULL,'0.01',NULL,'0',NULL,'0.01','0.12','7.1','0','0.34','0.02'),('513fceb375b8dbbc21000152','Egg, whole, raw, fresh - 1 extra large',NULL,'80.08','1','56','extra large','47.97','5.33',NULL,'0.02',NULL,'1.75',NULL,'208.32',NULL,'79.52',NULL,'0.4',NULL,'0',NULL,'0.21','7.03','6.05','0','3.14','5.44'),('513fceb375b8dbbc21000153','Egg, whole, raw, fresh - 1 cup (4.86 large eggs)',NULL,'347.49','1','243','cup (4.86 large eggs)','207.99','23.11',NULL,'0.09',NULL,'7.6',NULL,'903.96',NULL,'345.06',NULL,'1.75',NULL,'0',NULL,'0.9','30.52','26.24','0','13.61','23.63'),('513fceb475b8dbbc210005cc','Mayo - 1 packet',NULL,'68','1','10','packet','67.41','7.49',NULL,'0.02',NULL,'1.17',NULL,'4.2',NULL,'63.5',NULL,'0.06',NULL,'0',NULL,'0.06','0.1','0.13','0','0.08','0.12'),('513fceb475b8dbbc210005cd','Mayo - 1 cup',NULL,'1496','1','220','cup','1482.03','164.67',NULL,'0.41',NULL,'25.75',NULL,'92.4',NULL,'1397',NULL,'1.25',NULL,'0',NULL,'1.25','2.11','2.86','0','1.76','2.57'),('513fceb475b8dbbc210005ce','Mayo - 1 tbsp',NULL,'93.84','1','13.8','tbsp','92.97','10.33',NULL,'0.03',NULL,'1.62',NULL,'5.8',NULL,'87.63',NULL,'0.08',NULL,'0',NULL,'0.08','0.13','0.18','0','0.11','0.16'),('513fceb475b8dbbc21000852','Chicken, roasting, meat and skin and giblets and neck, cooked, roasted - 1 chicken',NULL,'2358.4','1','1072','chicken','1260.99','140.11',NULL,NULL,NULL,'39.24',NULL,'1007.68',NULL,'761.12',NULL,'0.54',NULL,'0',NULL,NULL,'256.85','128','7.15','13.94','95.88'),('513fceb475b8dbbc210008e7','Turkey - 1 unit (yield from 1 lb ready-to-cook turkey)',NULL,'211.68','1','112','unit (yield from 1 lb ready-to-cook turkey)','74.7','8.3',NULL,NULL,NULL,'2.35',NULL,'82.88',NULL,'70.56',NULL,'0',NULL,'0',NULL,NULL,'32.16','0','0','2.35','8.71'),('513fceb475b8dbbc21000f8f','Apple - 1 NLEA serving',NULL,'125.84','1','242','NLEA serving','3.69','0.41',NULL,'0',NULL,'0.07',NULL,'0',NULL,'2.42',NULL,'33.42',NULL,'5.81',NULL,'25.14','0.63','2.61','18.55','1.45','1.61'),('513fceb475b8dbbc21000f92','Apple - 1 medium (3\" dia)',NULL,'94.64','1','182','medium (3\" dia)','2.79','0.31',NULL,'0',NULL,'0.05',NULL,'0',NULL,'1.82',NULL,'25.13',NULL,'4.37',NULL,'18.91','0.47','1.97','13.95','1.09','1.21'),('513fceb475b8dbbc21000f94','Apple - 1 cup slices',NULL,'56.68','1','109','cup slices','1.71','0.19',NULL,'0',NULL,'0.03',NULL,'0',NULL,'1.09',NULL,'15.05',NULL,'2.62',NULL,'11.33','0.28','1.18','8.36','0.65','0.73'),('513fceb475b8dbbc21000fc8','Avocado - 1 cup, sliced',NULL,'233.6','1','146','cup, sliced','192.6','21.4',NULL,'0',NULL,'3.1',NULL,'0',NULL,'10.22',NULL,'12.45',NULL,'9.78',NULL,'0.96','2.92','4.26','24.33','1.75','4.46'),('513fceb475b8dbbc21000fc9','Avocado - 1 cup, pureed',NULL,'368','1','230','cup, pureed','303.48','33.72',NULL,'0',NULL,'4.89',NULL,'0',NULL,'16.1',NULL,'19.62',NULL,'15.41',NULL,'1.52','4.6','6.72','38.33','2.76','7.03'),('513fceb475b8dbbc21000fd3','Bananas, raw - 1 medium (7\" to 7-7/8\" long)',NULL,'105.02','1','118','medium (7\" to 7-7/8\" long)','3.51','0.39',NULL,'0',NULL,'0.13',NULL,'0',NULL,'1.18',NULL,'26.95',NULL,'3.07',NULL,'14.43','1.29','1.51','17.11','0.59','1.7'),('513fceb475b8dbbc21000fd4','Bananas, raw - 1 small (6\" to 6-7/8\" long)',NULL,'89.89','1','101','small (6\" to 6-7/8\" long)','2.97','0.33',NULL,'0',NULL,'0.11',NULL,'0',NULL,'1.01',NULL,'23.07',NULL,'2.63',NULL,'12.35','1.1','1.29','14.65','0.51','1.46'),('513fceb575b8dbbc2100108e','Mangos, raw - 1 fruit without refuse',NULL,'201.6','1','336','fruit without refuse','11.52','1.28',NULL,'0',NULL,'0.31',NULL,'0',NULL,'3.36',NULL,'50.33',NULL,'5.38',NULL,'45.9','2.76','72.71','203.84','3.7','2.99'),('513fceb575b8dbbc2100108f','Mangos, raw - 1 cup pieces',NULL,'99','1','165','cup pieces','5.67','0.63',NULL,'0',NULL,'0.15',NULL,'0',NULL,'1.65',NULL,'24.72',NULL,'2.64',NULL,'22.54','1.35','35.71','100.1','1.82','1.47'),('513fceb575b8dbbc210010bf','Oranges, raw, navels - 1 fruit (2-7/8\" dia)',NULL,'68.6','1','140','fruit (2-7/8\" dia)','1.89','0.21',NULL,'0',NULL,'0.02',NULL,'0',NULL,'1.4',NULL,'17.56',NULL,'3.08',NULL,'11.9','1.27','6.92','137.9','6.02','1.01'),('513fceb575b8dbbc21001487','Beets - 2 beets (2\" dia, sphere)',NULL,'44','2','100','beets (2\" dia, sphere)','1.62','0.18',NULL,'0',NULL,'0.03',NULL,'0',NULL,'77',NULL,'9.96',NULL,'2',NULL,'7.96','1.68','0.7','6','1.6','4.39'),('513fceb575b8dbbc210014e2','Carrots, cooked, boiled, drained, without salt - 1 carrot',NULL,'16.1','1','46','carrot','0.72','0.08',NULL,'0',NULL,'0.01',NULL,'0',NULL,'26.68',NULL,'3.78',NULL,'1.38',NULL,'1.59','0.35','156.7','2.76','1.38','0.87'),('513fceb575b8dbbc210014e3','Carrots, cooked, boiled, drained, without salt - 0.5 cup slices',NULL,'27.3','0.5','78','cup slices','1.26','0.14',NULL,'0',NULL,'0.02',NULL,'0',NULL,'45.24',NULL,'6.41',NULL,'2.34',NULL,'2.69','0.59','265.71','4.68','2.34','1.47'),('513fceb575b8dbbc210014e4','Carrots, cooked, boiled, drained, without salt - 1 tbsp',NULL,'3.39','1','9.7','tbsp','0.18','0.02',NULL,'0',NULL,'0',NULL,'0',NULL,'5.63',NULL,'0.8',NULL,'0.29',NULL,'0.33','0.07','33.04','0.58','0.29','0.18'),('513fceb575b8dbbc21001580','Kale, cooked, boiled, drained, without salt - 1 cup, chopped',NULL,'36.4','1','130','cup, chopped','4.68','0.52',NULL,'0',NULL,'0.07',NULL,'0',NULL,'29.9',NULL,'7.32',NULL,'2.6',NULL,'1.63','2.47','354.15','88.83','9.36','6.5'),('513fceb575b8dbbc210015f7','Onions, cooked, boiled, drained, without salt - 1 medium',NULL,'41.36','1','94','medium','1.62','0.18',NULL,'0',NULL,'0.03',NULL,'0',NULL,'2.82',NULL,'9.54',NULL,'1.32',NULL,'4.45','1.28','0.04','8.15','2.07','1.25'),('513fceb575b8dbbc210015f8','Onions, cooked, boiled, drained, without salt - 1 slice, large (1/4\" thick)',NULL,'14.08','1','32','slice, large (1/4\" thick)','0.54','0.06',NULL,'0',NULL,'0.01',NULL,'0',NULL,'0.96',NULL,'3.25',NULL,'0.45',NULL,'1.51','0.44','0.01','2.77','0.7','0.43'),('513fceb575b8dbbc21001606','Onions, spring or scallions (includes tops and bulb), raw - 1 small (3\" long)',NULL,'1.6','1','5','small (3\" long)','0.09','0.01',NULL,'0',NULL,'0',NULL,'0',NULL,'0.8',NULL,'0.37',NULL,'0.13',NULL,'0.12','0.09','1','1.57','0.36','0.41'),('513fceb575b8dbbc21001607','Onions, spring or scallions (includes tops and bulb), raw - 1 medium (4-1/8\" long)',NULL,'4.8','1','15','medium (4-1/8\" long)','0.27','0.03',NULL,'0',NULL,'0',NULL,'0',NULL,'2.4',NULL,'1.1',NULL,'0.39',NULL,'0.35','0.27','2.99','4.7','1.08','1.23'),('513fceb575b8dbbc21001742','Tomato - 1 slice, thin/small',NULL,'2.7','1','15','slice, thin/small','0.27','0.03',NULL,'0',NULL,'0',NULL,'0',NULL,'0.75',NULL,'0.58',NULL,'0.18',NULL,'0.39','0.13','2.5','3.42','0.15','0.23'),('513fceb575b8dbbc21001743','Tomato - 1 wedge (1/4 of medium tomato)',NULL,'5.58','1','31','wedge (1/4 of medium tomato)','0.54','0.06',NULL,'0',NULL,'0.01',NULL,'0',NULL,'1.55',NULL,'1.21',NULL,'0.37',NULL,'0.82','0.27','5.16','7.08','0.31','0.47'),('513fceb575b8dbbc21001be1','Porterhouse Steak - 1 lb',NULL,'961.63','1','453.6','lb','456.39','50.71',NULL,NULL,NULL,'17.74',NULL,'281.23',NULL,'312.98',NULL,'0',NULL,'0',NULL,'0','118.25','0','0','2.72','81.65'),('513fceb575b8dbbc21001be2','Porterhouse Steak - 3 oz',NULL,'180.2','3','85','oz','85.5','9.5',NULL,NULL,NULL,'3.33',NULL,'52.7',NULL,'58.65',NULL,'0',NULL,'0',NULL,'0','22.16','0','0','0.51','15.3'),('513fceb675b8dbbc21002189','Baked Beans - 1 cup',NULL,'238.76','1','254','cup','8.46','0.94',NULL,'0',NULL,'0.18',NULL,'0',NULL,'871.22',NULL,'53.7',NULL,'10.41',NULL,'20.22','12.07','5.49','0','8.64','16.79'),('513fceb675b8dbbc2100225a','Tofu, extra firm, prepared with nigari - 0.2 block',NULL,'75.53','0.2','91','block','43.11','4.79',NULL,'0',NULL,'0.84',NULL,'0',NULL,'3.64',NULL,'1.07',NULL,'0.91',NULL,'0.65','9.08','0','0','25.66','10.31'),('513fceb775b8dbbc210028b5','Pancake - 1 pancake (6\" dia)',NULL,'174.79','1','77','pancake (6\" dia)','67.23','7.47',NULL,NULL,NULL,'1.63',NULL,'45.43',NULL,'338.03',NULL,'21.79',NULL,NULL,NULL,NULL,'4.93','3.02','0.38','16.86','7.7'),('513fceb775b8dbbc210028b6','Pancake - 1 pancake (4\" dia)',NULL,'86.26','1','38','pancake (4\" dia)','33.21','3.69',NULL,NULL,NULL,'0.81',NULL,'22.42',NULL,'166.82',NULL,'10.75',NULL,NULL,NULL,NULL,'2.43','1.49','0.19','8.32','3.8'),('513fceb775b8dbbc2100294d','Waffle - 1 waffle, round (7\" dia)',NULL,'218.25','1','75','waffle, round (7\" dia)','95.22','10.58',NULL,NULL,NULL,'2.15',NULL,'51.75',NULL,'383.25',NULL,'24.67',NULL,NULL,NULL,NULL,'5.93','3.42','0.5','19.13','9.63'),('513fceb775b8dbbc21002e43','Rice, white, long-grain, regular, unenriched, cooked without salt - 1 cup',NULL,'205.4','1','158','cup','3.96','0.44',NULL,NULL,NULL,'0.12',NULL,'0',NULL,'1.58',NULL,'44.51',NULL,'0.63',NULL,'0.08','4.25','0','0','1.58','1.76'),('513fceb775b8dbbc210031f9','Beef, ground, unspecified fat content, cooked - 3 oz',NULL,'204','3','85','oz','111.15','12.35',NULL,NULL,NULL,'4.76',NULL,'71.4',NULL,'72.25',NULL,'0.53',NULL,'0',NULL,'0','21.31','0.37','0','2.13','12.61'),('55201ec3abe6545a7e066804','Zesty Mustard',NULL,'40','2','30','tbsp','5','0.5',NULL,'0',NULL,'0',NULL,'0',NULL,'340',NULL,'8',NULL,'1',NULL,'7','1','4','0','2','2'),('5523f74d133842e320495218','Soy Puffs',NULL,'120','3','85','oz','50','9',NULL,'0',NULL,'1',NULL,'0',NULL,'5',NULL,'1',NULL,'0',NULL,'0','5','0','0','4','0'),('552a01a45fa173f23a8d4362','Beans',NULL,'140','0.5','130','cup','20','2',NULL,'0',NULL,'1',NULL,'0',NULL,'570',NULL,'20',NULL,'6',NULL,'1','10','0','0','8','15'),('5531973ada1655a64b5191c1','BBQ Pork Cracklins',NULL,'80','0.5','14','oz','54','6',NULL,'0',NULL,'2',NULL,'8',NULL,'340',NULL,'0',NULL,'0',NULL,'0','7','0','0','0','0'),('5535319e5dee4c3e21c064d0','Pork, cured, bacon, pre - 1 side',NULL,'161.46','1','34.5','side','47.43','12.12',NULL,'0',NULL,'4.14',NULL,'34.14',NULL,'580.98',NULL,'0.6',NULL,'0',NULL,'0','11.7','0','0','0','3'),('561e6c16c265794042cb5f20','Bacon - 1 slice',NULL,'44.39','1','8.1','slice','31.5','3.5',NULL,'0',NULL,'1.15',NULL,'8.67',NULL,'177.63',NULL,'0.11',NULL,'0',NULL,'0','2.89','0','0','0','1'),('5627187f2d5af8305be14484','Bar-BQ Sause',NULL,'35','2','30','tbsp','0','0',NULL,NULL,NULL,'0',NULL,'0',NULL,'290',NULL,'8',NULL,'0',NULL,'5','0','2','6','0','2'),('5676a41d186ff5e16a2cdc0a','Soy',NULL,'279','100','100','g','9','1',NULL,NULL,NULL,'0',NULL,'0',NULL,'20',NULL,'34',NULL,'17',NULL,'10','50','0','0','0','0'),('568f493d49afd8157ea4285f','Rice',NULL,'160','0.25','47','cup','0','0',NULL,'0',NULL,'0',NULL,'0',NULL,'0',NULL,'37',NULL,'0.5',NULL,'0','3','0','0','0','8'),('56aa69067e423acb2de52bd7','Japanese Ramen - 1 bowl (3 cups)',NULL,'954.18','1','707.1','bowl (3 cups)','315.29','35.03',NULL,'0.11',NULL,'12.1',NULL,'227.34',NULL,'2690.86',NULL,'110.71',NULL,'6.01',NULL,'6.73','47.7','66','9','12','54'),('56aa6906a083f2d641f91437','Japanese Ramen - 1 cup',NULL,'360.08','1','266.84','cup','118.98','13.22',NULL,'0.04',NULL,'4.57',NULL,'85.79',NULL,'1015.45',NULL,'41.78',NULL,'2.27',NULL,'2.54','18','25','3','5','20'),('56ba5b61f49142037cf60544','Beef Stew - 1 cup',NULL,'267.55','1','252','cup','72.53','8.06',NULL,'0.38',NULL,'3.71',NULL,'85.81',NULL,'164.95',NULL,'20.64',NULL,'3.33',NULL,'4.46','28.95','85','29','6','19'),('56ba5c714d4286ee1256a51c','Beef Stew - 1 serving',NULL,'703.87','1','662.96','serving','190.81','21.2',NULL,'1.01',NULL,'9.76',NULL,'225.75',NULL,'433.96',NULL,'54.3',NULL,'8.77',NULL,'11.75','76.17','223','77','15','49'),('56bcdff6960a13e85cbb540f','Soup, chicken noodle, canned, prepared with equal volume water - 1 cup',NULL,'62','1','248','cup','21.24','2.36',NULL,'0',NULL,'0.65',NULL,'12.4',NULL,'865.52',NULL,'7.32',NULL,'0.5',NULL,'0.67','3.15','10','0','1','9'),('56d9a58973232b6569114ef5','Pasta (cooked) - 1 cup ziti',NULL,'169.06','1','107','cup ziti','8.93','0.99',NULL,'0',NULL,'0.19',NULL,'0',NULL,'1.07',NULL,'33.02',NULL,'1.92',NULL,'0.6','6.2','0','0','0.75','7.61'),('56d9a76be1993dcb540ea426','Pasta (cooked) - 1 cup capellini',NULL,'213.3','1','135','cup capellini','11.27','1.25',NULL,'0',NULL,'0.24',NULL,'0',NULL,'1.35',NULL,'41.66',NULL,'2.43',NULL,'0.75','7.83','0','0','0.95','9.6'),('56df177819602df3495e3212','Oranges, raw, navels - 1 section',NULL,'8.33','1','17','section','0.23','0.03',NULL,'0',NULL,'0',NULL,'0',NULL,'0.17',NULL,'2.13',NULL,'0.37',NULL,'1.44','0.15','0.84','16.75','0.73','0.12'),('571fb92709204c5d6262e29c','Soup, chicken noodle, canned, prepared with equal volume water - 1 bowl (2 cups)',NULL,'119.04','1','496','bowl (2 cups)','33.84','3.76',NULL,'0.02',NULL,'0.94',NULL,'19.84',NULL,'1661.6',NULL,'14.74',NULL,'2.48',NULL,'0','5.76','19.94','0','2.48','9.1'),('571fb9c478ad77b849f9bd91','Beef, ground, 80% lean meat / 20% fat, crumbles, cooked, pan - 4 oz, cooked',NULL,'308.45','4','113.4','oz, cooked','177.22','19.69',NULL,'0.85',NULL,'7.42',NULL,'100.93',NULL,'103.19',NULL,'0',NULL,'0',NULL,'0','30.62','0.2','0','3.18','17.52'),('5761a432b165c79b156e0947','Spinach Feta and Tomato Omelet - 1 omelet',NULL,'455.84','1','542.63','omelet','295.49','32.83',NULL,'0.52',NULL,'16.38',NULL,'613.73',NULL,'1338.41',NULL,'13.26',NULL,'5.88',NULL,'4.31','30.08','461','120','46','51'),('5761a449635bfcbd7df9e747','Spinach Feta and Tomato Omelet - 1 cup',NULL,'168.85','1','201','cup','109.46','12.16',NULL,'0.19',NULL,'6.07',NULL,'227.34',NULL,'495.77',NULL,'4.91',NULL,'2.18',NULL,'1.6','11.14','171','45','17','19'),('5776157891a7b1b719864a10','Peanut',NULL,'285.18','50','50','g bar','193.5','21.5',NULL,NULL,NULL,'3.9',NULL,NULL,NULL,'116',NULL,'12.7',NULL,'3.2',NULL,'8.9','10.1',NULL,NULL,NULL,NULL),('57a10b3bf70a0c2b1fef62e5','Pork, cured, ham with natural juices, spiral slice, boneless, separable lean and fat, heated, roasted - 1 cup, diced',NULL,'186.26','1','134','cup, diced','61.55','6.84',NULL,'0.01',NULL,'1.28',NULL,'85.76',NULL,'1309.18',NULL,'1.42',NULL,'0',NULL,'1.42','29.72','1.16','0','0.54','6.18'),('57a10c0f3e6150cf50ba1f6b','Pork, cured, ham with natural juices, spiral slice, boneless, separable lean and fat, heated, roasted - 1 medium slice',NULL,'58.38','1','42','medium slice','19.29','2.14',NULL,'0',NULL,'0.4',NULL,'26.88',NULL,'410.34',NULL,'0.45',NULL,'0',NULL,'0.45','9.32','0.36','0','0.17','1.94'),('57a10c11334c7eea77b97efb','Pork, cured, ham with natural juices, spiral slice, boneless, separable lean and fat, heated, roasted - 1 thick slice',NULL,'87.57','1','63','thick slice','28.94','3.22',NULL,'0',NULL,'0.6',NULL,'40.32',NULL,'615.51',NULL,'0.67',NULL,'0',NULL,'0.67','13.97','0.54','0','0.25','2.91'),('57cd18543f8b952b70e36da6','Pork Pie',NULL,'373.55','100','100','g','229.5','25.5',NULL,NULL,NULL,'10.2',NULL,NULL,NULL,'528',NULL,'27',NULL,NULL,NULL,'0.5','8.4',NULL,NULL,NULL,NULL),('57fd3715a48de84004a62e4b','Tofu, extra firm, prepared with nigari - 1 cup',NULL,'205.84','1','248','cup','117.49','13.05',NULL,'0',NULL,'2.29',NULL,'0',NULL,'9.92',NULL,'2.92',NULL,'2.48',NULL,'1.77','24.75','0','0','69.93','28.1'),('58331498b3f337303f1a7d2a','Beets - 1 beet',NULL,'22','1','50','beet','0.79','0.09',NULL,'0',NULL,'0.01',NULL,'0',NULL,'38.5',NULL,'4.98',NULL,'1',NULL,'3.98','0.84','0.35','3','0.8','2.19'),('583ddd24374676c40ad0eef4','Turkey, whole, meat and skin, cooked, roasted - 1 slice',NULL,'53.58','1','28.35','slice','18.85','2.09',NULL,'0.03',NULL,'0.61',NULL,'30.9',NULL,'29.2',NULL,'0.02',NULL,'0',NULL,'0','8.09','0.22','0','0.4','1.72'),('58bf2b08897312016715d99e','Kale, cooked, boiled, drained, without salt - 1 cup',NULL,'36.4','1','130','cup','4.68','0.52',NULL,'0',NULL,'0.07',NULL,'0',NULL,'29.9',NULL,'7.32',NULL,'2.6',NULL,'1.63','2.47','354.15','88.83','9.36','6.5'),('5900a1ef7924e49b03571ec5','Waffle - 1 waffle, round (8\" dia)',NULL,'357.94','1','123','waffle, round (8\" dia)','156.19','17.35',NULL,'0',NULL,'3.51',NULL,'84.86',NULL,'628.54',NULL,'40.48',NULL,'0',NULL,'0','9.72','5.6','0.82','31.37','15.79'),('ddee113177d09fd957b83909','Pasta, cooked, enriched, without added salt - 1 cup penne',NULL,'169.06','1','107','cup penne','9','1',NULL,'0',NULL,'0.19',NULL,'0',NULL,'1.07',NULL,'33.02',NULL,'1.93',NULL,'0.6','6.21','0','0','0.75','7.61');
UNLOCK TABLES;

#Food Log
INSERT INTO `mydb`.`FoodLog` (`User_idUser`, `FoodNutrition_IDFoodNutrition`, `quanity`, `Time_Stamp`) VALUES ('101', '1', '2', '2018-11-03');
INSERT INTO `mydb`.`FoodLog` (`User_idUser`, `FoodNutrition_IDFoodNutrition`, `quanity`, `Time_Stamp`) VALUES ('101', '2', '3', '2018-11-03');
INSERT INTO `mydb`.`FoodLog` (`User_idUser`, `FoodNutrition_IDFoodNutrition`, `quanity`, `Time_Stamp`) VALUES ('101', '3', '1', '2018-11-03');

INSERT INTO `mydb`.`FoodLog` (`User_idUser`, `FoodNutrition_IDFoodNutrition`, `quanity`, `Time_Stamp`) VALUES ('202', '1', '5', '2018-11-03');
INSERT INTO `mydb`.`FoodLog` (`User_idUser`, `FoodNutrition_IDFoodNutrition`, `quanity`, `Time_Stamp`) VALUES ('202', '2', '5', '2018-11-03');
INSERT INTO `mydb`.`FoodLog` (`User_idUser`, `FoodNutrition_IDFoodNutrition`, `quanity`, `Time_Stamp`) VALUES ('202', '3', '10', '2018-11-03');

INSERT INTO `mydb`.`FoodLog` (`User_idUser`, `FoodNutrition_IDFoodNutrition`, `quanity`, `Time_Stamp`) VALUES ('101', '1', '1', '2018-11-02');
INSERT INTO `mydb`.`FoodLog` (`User_idUser`, `FoodNutrition_IDFoodNutrition`, `quanity`, `Time_Stamp`) VALUES ('101', '2', '1', '2018-11-02');
INSERT INTO `mydb`.`FoodLog` (`User_idUser`, `FoodNutrition_IDFoodNutrition`, `quanity`, `Time_Stamp`) VALUES ('101', '3', '1', '2018-11-02');

#Base Meals and Ingredents
INSERT INTO `mydb`.`BaseMeal` (`idBaseMeal`, `BaseMeal_name`) VALUES ('1', 'Fruit Salad');
INSERT INTO `mydb`.`BaseIngredent` (`FoodNutrition_IDFoodNutrition`, `BaseMeal_idBaseMeal`) VALUES ('1', '1');
INSERT INTO `mydb`.`BaseIngredent` (`FoodNutrition_IDFoodNutrition`, `BaseMeal_idBaseMeal`) VALUES ('2', '1');
INSERT INTO `mydb`.`BaseIngredent` (`FoodNutrition_IDFoodNutrition`, `BaseMeal_idBaseMeal`) VALUES ('3', '1');


#Meal Plan
INSERT INTO `mydb`.`MealSchedule` (`idMealSchedule`, `Users_idUser`) VALUES ('1', '101');

INSERT INTO `mydb`.`WeeklyMeals` (`idWeeklyMeals`, `MealSchedule_idMealSchedule`) VALUES ('42', '1');

INSERT INTO `mydb`.`DailyMeals` (`idDailyMeals`, `WeeklyMeals_idWeeklyMeals`) VALUES ('4', '42');
INSERT INTO `mydb`.`DailyMeals` (`idDailyMeals`, `WeeklyMeals_idWeeklyMeals`) VALUES ('3', '42');

INSERT INTO `mydb`.`MealContent` (`BaseMeal_idBaseMeal`, `DailyMeals_idDailyMeals`, `meal_type`) VALUES ('1', '4', '1');
INSERT INTO `mydb`.`MealContent` (`BaseMeal_idBaseMeal`, `DailyMeals_idDailyMeals`, `meal_type`) VALUES ('1', '4', '2');
INSERT INTO `mydb`.`MealContent` (`BaseMeal_idBaseMeal`, `DailyMeals_idDailyMeals`, `meal_type`) VALUES ('1', '4', '3');

INSERT INTO `mydb`.`MealContent` (`BaseMeal_idBaseMeal`, `DailyMeals_idDailyMeals`, `meal_type`) VALUES ('1', '3', '1');
INSERT INTO `mydb`.`MealContent` (`BaseMeal_idBaseMeal`, `DailyMeals_idDailyMeals`, `meal_type`) VALUES ('1', '3', '2');





